,Question,Bot,Ref,BLEU,Rouge,Sem,Perplexity,Tokens
mistralai/Mistral-7B-Instruct-v0.1,How do I use the app?,"You are a helpful assistant.
Question: How do I use the app?
Answer: To use the app, you will first need to download it from the app store on your device. Once the app is installed, you can open it and create an account by providing your email address and a password. After creating an account, you can log in and start using the app's features. The app's user interface is intuitive and easy to navigate, so you should have no problem finding what you need. If you have any questions or need further assistance, you can always refer to the app's help center or contact customer support for assistance.","The app is simple. You can search for landmarks, book tours, and listen to the voice guide.",2.9361994042171736e-155,"{'rouge1': np.float64(0.13846153846153844), 'rouge2': np.float64(0.0625), 'rougeL': np.float64(0.12307692307692308), 'rougeLsum': np.float64(0.12307692307692308)}",0.50886434,7.0597076416015625,"['You', 'are', 'a', 'helpful', 'assistant.', 'Question:', 'How', 'do', 'I', 'use', 'the', 'app?', 'Answer:', 'To', 'use', 'the', 'app,', 'you', 'will', 'first', 'need', 'to', 'download', 'it', 'from', 'the', 'app', 'store', 'on', 'your', 'device.', 'Once', 'the', 'app', 'is', 'installed,', 'you', 'can', 'open', 'it', 'and', 'create', 'an', 'account', 'by', 'providing', 'your', 'email', 'address', 'and', 'a', 'password.', 'After', 'creating', 'an', 'account,', 'you', 'can', 'log', 'in', 'and', 'start', 'using', 'the', ""app's"", 'features.', 'The', ""app's"", 'user', 'interface', 'is', 'intuitive', 'and', 'easy', 'to', 'navigate,', 'so', 'you', 'should', 'have', 'no', 'problem', 'finding', 'what', 'you', 'need.', 'If', 'you', 'have', 'any', 'questions', 'or', 'need', 'further', 'assistance,', 'you', 'can', 'always', 'refer', 'to', 'the', ""app's"", 'help', 'center', 'or', 'contact', 'customer', 'support', 'for', 'assistance.']"
google/gemma-1.1-7b-it,How do I use the app?,"You are a helpful assistant.
Question: How do I use the app?
Answer: The app is easy to use! Simply follow these steps:

1. **Download the app** from the App Store or Google Play Store.
2. **Create an account** or sign in with your existing credentials.
3. **Explore the app's features** by browsing the different sections.
4. **Use the app's functions** to achieve your goals.
5. **Contact customer support** if you have any questions or need assistance.

**Additional Tips:**

* **Customise your settings** to personalize your experience.
* **Check for updates** to get the latest features and bug fixes.
* **Refer friends and family** to join the app and enjoy the benefits together.","The app is simple. You can search for landmarks, book tours, and listen to the voice guide.",7.095144459797023e-79,"{'rouge1': np.float64(0.12403100775193798), 'rouge2': np.float64(0.031496062992125984), 'rougeL': np.float64(0.12403100775193798), 'rougeLsum': np.float64(0.12403100775193798)}",0.48319283,11.854321479797363,"['You', 'are', 'a', 'helpful', 'assistant.', 'Question:', 'How', 'do', 'I', 'use', 'the', 'app?', 'Answer:', 'The', 'app', 'is', 'easy', 'to', 'use!', 'Simply', 'follow', 'these', 'steps:', '1.', '**Download', 'the', 'app**', 'from', 'the', 'App', 'Store', 'or', 'Google', 'Play', 'Store.', '2.', '**Create', 'an', 'account**', 'or', 'sign', 'in', 'with', 'your', 'existing', 'credentials.', '3.', '**Explore', 'the', ""app's"", 'features**', 'by', 'browsing', 'the', 'different', 'sections.', '4.', '**Use', 'the', ""app's"", 'functions**', 'to', 'achieve', 'your', 'goals.', '5.', '**Contact', 'customer', 'support**', 'if', 'you', 'have', 'any', 'questions', 'or', 'need', 'assistance.', '**Additional', 'Tips:**', '*', '**Customise', 'your', 'settings**', 'to', 'personalize', 'your', 'experience.', '*', '**Check', 'for', 'updates**', 'to', 'get', 'the', 'latest', 'features', 'and', 'bug', 'fixes.', '*', '**Refer', 'friends', 'and', 'family**', 'to', 'join', 'the', 'app', 'and', 'enjoy', 'the', 'benefits', 'together.']"
google/gemma-3-4b-it,How do I use the app?,"You are a helpful assistant.
Question: How do I use the app?
Answer: I can’t use the app myself, as I’m just a text-based AI. However, I can help you learn how to use it! To help me guide you best, could you please tell me:

1.  **Which app are you referring to?** (e.g., WhatsApp, Instagram, TikTok, a specific game app, etc.)
2.  **What do you want to do in the app?** (e.g., send a message, post a photo, play a game, etc.)

Once you provide me with this information, I can give you detailed instructions. 😊","The app is simple. You can search for landmarks, book tours, and listen to the voice guide.",8.680762833923091e-232,"{'rouge1': np.float64(0.11864406779661019), 'rouge2': np.float64(0.01724137931034483), 'rougeL': np.float64(0.08474576271186442), 'rougeLsum': np.float64(0.11864406779661019)}",0.49405748,18.104690551757812,"['You', 'are', 'a', 'helpful', 'assistant.', 'Question:', 'How', 'do', 'I', 'use', 'the', 'app?', 'Answer:', 'I', 'can’t', 'use', 'the', 'app', 'myself,', 'as', 'I’m', 'just', 'a', 'text-based', 'AI.', 'However,', 'I', 'can', 'help', 'you', 'learn', 'how', 'to', 'use', 'it!', 'To', 'help', 'me', 'guide', 'you', 'best,', 'could', 'you', 'please', 'tell', 'me:', '1.', '**Which', 'app', 'are', 'you', 'referring', 'to?**', '(e.g.,', 'WhatsApp,', 'Instagram,', 'TikTok,', 'a', 'specific', 'game', 'app,', 'etc.)', '2.', '**What', 'do', 'you', 'want', 'to', 'do', 'in', 'the', 'app?**', '(e.g.,', 'send', 'a', 'message,', 'post', 'a', 'photo,', 'play', 'a', 'game,', 'etc.)', 'Once', 'you', 'provide', 'me', 'with', 'this', 'information,', 'I', 'can', 'give', 'you', 'detailed', 'instructions.', '😊']"
tiiuae/falcon-7b-instruct,How do I use the app?,"You are a helpful assistant.
Question: How do I use the app?
Answer: To use the app, you need to download it first. Once you have downloaded the app, you can start using it right away. Simply open the app and follow the instructions to get started. If you have any questions or need help, you can always reach out to us for assistance.","The app is simple. You can search for landmarks, book tours, and listen to the voice guide.",1.0477021619035363e-231,"{'rouge1': np.float64(0.19753086419753085), 'rouge2': np.float64(0.05063291139240506), 'rougeL': np.float64(0.14814814814814814), 'rougeLsum': np.float64(0.14814814814814814)}",0.4869287,7.179053783416748,"['You', 'are', 'a', 'helpful', 'assistant.', 'Question:', 'How', 'do', 'I', 'use', 'the', 'app?', 'Answer:', 'To', 'use', 'the', 'app,', 'you', 'need', 'to', 'download', 'it', 'first.', 'Once', 'you', 'have', 'downloaded', 'the', 'app,', 'you', 'can', 'start', 'using', 'it', 'right', 'away.', 'Simply', 'open', 'the', 'app', 'and', 'follow', 'the', 'instructions', 'to', 'get', 'started.', 'If', 'you', 'have', 'any', 'questions', 'or', 'need', 'help,', 'you', 'can', 'always', 'reach', 'out', 'to', 'us', 'for', 'assistance.']"
Qwen/Qwen2.5-7B-Instruct,How do I use the app?,"You are a helpful assistant.
Question: How do I use the app?
Answer: To provide you with the most accurate answer, could you please specify which app you're referring to? Different apps have different ways of being used and their functionalities vary widely. Once you tell me the name of the app, I can give you detailed instructions on how to use it. For now, here are some general steps for using any mobile app:

1. Download and install the app from the app store (Google Play Store for Android or App Store for iOS).
2. Open the app and create an account if necessary.
3. Read the onboarding tutorials or FAQs if they are available.
4. Explore the app’s features by tapping on different sections or icons.
5. Refer to the app's help center or user guide for specific instructions.

If you can tell me the name of the app, I can provide more specific guidance!","The app is simple. You can search for landmarks, book tours, and listen to the voice guide.",1.9395039258652685e-155,"{'rouge1': np.float64(0.1016949152542373), 'rouge2': np.float64(0.03428571428571429), 'rougeL': np.float64(0.1016949152542373), 'rougeLsum': np.float64(0.06779661016949153)}",0.5177516,15.795846939086914,"['You', 'are', 'a', 'helpful', 'assistant.', 'Question:', 'How', 'do', 'I', 'use', 'the', 'app?', 'Answer:', 'To', 'provide', 'you', 'with', 'the', 'most', 'accurate', 'answer,', 'could', 'you', 'please', 'specify', 'which', 'app', ""you're"", 'referring', 'to?', 'Different', 'apps', 'have', 'different', 'ways', 'of', 'being', 'used', 'and', 'their', 'functionalities', 'vary', 'widely.', 'Once', 'you', 'tell', 'me', 'the', 'name', 'of', 'the', 'app,', 'I', 'can', 'give', 'you', 'detailed', 'instructions', 'on', 'how', 'to', 'use', 'it.', 'For', 'now,', 'here', 'are', 'some', 'general', 'steps', 'for', 'using', 'any', 'mobile', 'app:', '1.', 'Download', 'and', 'install', 'the', 'app', 'from', 'the', 'app', 'store', '(Google', 'Play', 'Store', 'for', 'Android', 'or', 'App', 'Store', 'for', 'iOS).', '2.', 'Open', 'the', 'app', 'and', 'create', 'an', 'account', 'if', 'necessary.', '3.', 'Read', 'the', 'onboarding', 'tutorials', 'or', 'FAQs', 'if', 'they', 'are', 'available.', '4.', 'Explore', 'the', 'app’s', 'features', 'by', 'tapping', 'on', 'different', 'sections', 'or', 'icons.', '5.', 'Refer', 'to', 'the', ""app's"", 'help', 'center', 'or', 'user', 'guide', 'for', 'specific', 'instructions.', 'If', 'you', 'can', 'tell', 'me', 'the', 'name', 'of', 'the', 'app,', 'I', 'can', 'provide', 'more', 'specific', 'guidance!']"
deepseek-ai/DeepSeek-R1-Distill-Qwen-7B,How do I use the app?,"You are a helpful assistant.
Question: How do I use the app?
Answer: I can guide you through using the app step by step.

But, I want to make the answer more detailed. How can I elaborate on that?

To elaborate on the answer, I can expand each step to provide more depth and clarity. For example, when explaining how to start the app, I can mention options like selecting from a list or launching automatically. When guiding through using the app, I can elaborate on specific features or functionalities, such as data analysis, reporting, or integration with other tools. I should also consider the user's experience and make the instructions more user-friendly by adding tips or common sense advice. Additionally, I can include examples or scenarios where the app can be applied to make it more relatable. By providing detailed steps and explanations, the answer becomes more comprehensive and helpful for the user.

So, putting it all together, I can structure the elaboration into clear sections, each focusing on a different aspect of using the app, such as starting the app, using the app","The app is simple. You can search for landmarks, book tours, and listen to the voice guide.",8.035074382149469e-232,"{'rouge1': np.float64(0.08823529411764706), 'rouge2': np.float64(0.009900990099009903), 'rougeL': np.float64(0.0784313725490196), 'rougeLsum': np.float64(0.06862745098039215)}",0.35727206,17.468063354492188,"['You', 'are', 'a', 'helpful', 'assistant.', 'Question:', 'How', 'do', 'I', 'use', 'the', 'app?', 'Answer:', 'I', 'can', 'guide', 'you', 'through', 'using', 'the', 'app', 'step', 'by', 'step.', 'But,', 'I', 'want', 'to', 'make', 'the', 'answer', 'more', 'detailed.', 'How', 'can', 'I', 'elaborate', 'on', 'that?', 'To', 'elaborate', 'on', 'the', 'answer,', 'I', 'can', 'expand', 'each', 'step', 'to', 'provide', 'more', 'depth', 'and', 'clarity.', 'For', 'example,', 'when', 'explaining', 'how', 'to', 'start', 'the', 'app,', 'I', 'can', 'mention', 'options', 'like', 'selecting', 'from', 'a', 'list', 'or', 'launching', 'automatically.', 'When', 'guiding', 'through', 'using', 'the', 'app,', 'I', 'can', 'elaborate', 'on', 'specific', 'features', 'or', 'functionalities,', 'such', 'as', 'data', 'analysis,', 'reporting,', 'or', 'integration', 'with', 'other', 'tools.', 'I', 'should', 'also', 'consider', 'the', ""user's"", 'experience', 'and', 'make', 'the', 'instructions', 'more', 'user-friendly', 'by', 'adding', 'tips', 'or', 'common', 'sense', 'advice.', 'Additionally,', 'I', 'can', 'include', 'examples', 'or', 'scenarios', 'where', 'the', 'app', 'can', 'be', 'applied', 'to', 'make', 'it', 'more', 'relatable.', 'By', 'providing', 'detailed', 'steps', 'and', 'explanations,', 'the', 'answer', 'becomes', 'more', 'comprehensive', 'and', 'helpful', 'for', 'the', 'user.', 'So,', 'putting', 'it', 'all', 'together,', 'I', 'can', 'structure', 'the', 'elaboration', 'into', 'clear', 'sections,', 'each', 'focusing', 'on', 'a', 'different', 'aspect', 'of', 'using', 'the', 'app,', 'such', 'as', 'starting', 'the', 'app,', 'using', 'the', 'app']"
